Workbook

Sheet Sheet1
A1: Độ dài viên đạn | B1: Thời gian tồn tại của viên đạn (us) | C1: Thời gian một lần chụp ảnh (us) | D1: Duty cycle của IR LED | E1: Thời gian IR LED sáng (us)
A2: 0.01 | B2: =TRUNC(A2/300*1000000) -> 33 | C2: =B2/3 -> 11 | D2: 50 | E2: =C2*D2/100 -> 5.5

Sheet CurrentCalculation
A1: Dòng điện đi vào LED | C1: Tính toán mạch khuếch đại tín hiệu
A2: Dòng điện cung cấp cho IR LED (A) | B2: 1.5 | C2: Chỉ dùng R & Mạch so sánh | E2: Dùng Transimpedance Amplifier & Mạch so sánh
A3: Cường độ bức xạ (mW/sr) | B3: =VLOOKUP(B2,IRLEDParameters!A3:B7,2,FALSE) -> 1525 | C3: Giá trị R tối đa để tránh bão hòa comparator (kOhm) - với VDD = 3V3 | D3: =TRUNC(3.6/B12*1000) -> 453 | E3: Điện áp thiết kế với dòng min | F3: =D5 -> 622.23722
A4: Khoảng cách (trục x) giữa LED và sensor (m) | B4: 0.53 | C4: Giá trị R thiết kế (kOhm) | D4: 200 | E4: Giá trị R thiết kế (kOhm) | F4: =D4 -> 200
A5: Khoảng cách (trục y) giữa LED và sensor (m) | B5: 0.6 | C5: Điện áp vào mạch so sánh min (mV) | D5: =B11*D4 -> 622.23722 | E5: Băng thông thiết kế (Mhz) | F5: 1
A6: Góc phát & Góc tới (radian) | B6: =ATAN(B4/B5) -> 0.72353032 | C6: Điện áp vào mạch so sánh max (mV) | D6: =B12*D4 -> 1588.5417 | E6: Giá trị lớn nhất của tụ feedback (pF) | F6: =1000/(F5*2*PI()*F4) -> 0.79577472
A7: Hệ số IR LED | B7: 0.65 | C7: Ngưỡng so sánh đề nghị (mV) (50% ngưỡng min) | D7: =0.5*D5 -> 311.11861 | E7: Hằng số thời gian t (ns) | F7: =0.35/F5*1000 -> 350
A8: Hệ số sensor | B8: 2.6 | C8: Thời gian input rise MAX từ 0V tới ngưỡng so sánh (ns) | D8: =D4*SUM(IRLEDParameters!D2:D3)*-LN(1-D7/D5) -> 1081.3096 | E8: =SQRT(POWER(F7*-LN(1-D7/D5),2)+60*60) -> 249.91097
A9: Cường độ bức xạ nhận tại IR sensor (mW/cm2) | B9: =B3/(B5*B5)*POWER(COS(B6),(B7+B8))/1000 -> 1.6592992 | C9: Thời gian phản ứng MAX - thời gian để ánh sáng thay đổi (không có -> có) tới khi CPLD nhận được tín hiệu thay đổi đó (us) | D9: =(D8+IRLEDParameters!D4)/1000 -> 1.1613096 | E9: =(E8+IRLEDParameters!D4)/1000 -> 0.32991097
A10: Dòng điện output của IR Sensor (uA) | B10: =1.5*B9/0.8 -> 3.1111861 | C10: Thời gian input rise MIN tới ngưỡng so sánh (ns) | D10: =-LN(1-D7/D6)*D4*SUM(IRLEDParameters!D2:D3) -> 340.03568 | E10: =SQRT(POWER(-LN(1-D7/D6)*F7,2)+60*60) -> 97.057575
A11: Dòng điện min (uA) | B11: =1.5/0.8*B3/(B5*B5)*POWER(COS(ATAN(0.53/B5)),(B7+B8))/1000 -> 3.1111861 | C11: Tổng thời gian phản ứng MIN - thời gian để ánh sáng thay đổi (không có -> có) tới khi CPLD nhận được tín hiệu thay đổi đó (us) | D11: =(D10+IRLEDParameters!D4)/1000 -> 0.42003568 | E11: =(E10+IRLEDParameters!D4)/1000 -> 0.17705757
A12: Dòng điện max (uA) | B12: =1.5/0.8*B3/(B5*B5)*POWER(COS(0),(B7+B8))/1000 -> 7.9427083 | C12: Thời gian input fall MIN từ giá trị cực đại tới ngưỡng so sánh (ns) | D12: =D4*SUM(IRLEDParameters!D2:D3)*-LN(D7/D5) -> 1081.3096 | E12: =SQRT(POWER(F7*-LN(D7/D5),2)+60*60) -> 249.91097
C13: Thời gian phản ứng MIN - thời gian để ánh sáng thay đổi từ (có -> không có) tới khi CPLD nhận được tín hiệu thay đổi đó (us) | D13: =(D12+IRLEDParameters!D4)/1000 -> 1.1613096 | E13: =(E12+IRLEDParameters!D4)/1000 -> 0.32991097
C14: Thời gian input fall MAX từ giá trị cực đại tới ngưỡng so sánh (ns) | D14: =-LN(D7/D6)*D4*SUM(IRLEDParameters!D2:D3) -> 2543.42 | E14: =SQRT(POWER(-LN(D7/D6)*F7,2)+60*60) -> 573.7848
C15: Thời gian phản ứng MAX - thời gian để ánh sáng thay đổi (có -> không có) tới khi CPLD nhận được tín hiệu thay đổi đó (us) | D15: =(D14+IRLEDParameters!D4)/1000 -> 2.62342 | E15: =(E14+IRLEDParameters!D4)/1000 -> 0.6537848
C16: Tổng thời gian để TẤT CẢ Sensor có thể nhận được tín hiệu lần nữa (us) | D16: =D9+D15 -> 3.7847297 | E16: =E9+E15 -> 0.98369577
C17: Giá thành (USD) | D17: =1.19/4*IRLEDParameters!D7 -> 148.75 | E17: =(1.19/4+1.77/2)*IRLEDParameters!D7 -> 591.25
C18: Giá thành (tính cả sensor) | D18: =D17+0.378*IRLEDParameters!D7 -> 337.75 | E18: =E17+0.378*IRLEDParameters!D7 -> 780.25

Sheet IRLEDParameters
A1: K (Current - A) | B1: L (Radiant Intensity - mW/sr) | C1: Dùng R + Comparator | E1: Dùng Transimpedence Amplifier + Comparator
A2: Forward Current | B2: Typ. Intensity | C2: Giá trị tụ của Sensor (pF) | D2: 1.8 | E2: Giá trị tụ của Sensor (pF) | F2: 1.8
A3: 0.35 | B3: 365 | C3: Giá trị tụ input mạch so sánh (pF) | D3: 6 | E3: Giá trị tụ input mạch so sánh (pF) | F3: 6
A4: 1 | B4: 1025 | C4: Thời gian output rise của mạch so sánh (ns) | D4: 80 | E4: Thời gian output rise của mạch so sánh (ns) | F4: 80
A5: 1.5 | B5: 1525 | C5: Độ phân giải comparator - max (mV) | D5: 10 | E5: Độ phân giải comparator - max (mV) | F5: 10
A6: 3 | B6: 2060 | C6: Độ rộng đường cong trễ (mV) | D6: 5 | E6: Độ rộng đường cong trễ (mV) | F6: 5
A7: 5 | B7: 4620 | C7: Số sensor | D7: 500 | E7: Thời gian output rise của sensor (RL = 50) (ns) | F7: 60
A8: IR LED | C8: IR Sensor
